Nr,Question,Main Category,Field Name
1,"What is your favorite type of travel (adventure, sightseeing, beach, relaxation, culture, ...)?","TRAVEL","travel_persona"
2,"Do you prefer trips that are social and busy, or quiet and peaceful?","TRAVEL","preferred_vibe"
3,"How many trips do you take per year?","TRAVEL","trip_frequency"
4,"Who do you usually travel with (solo, partner, family, friends)?","TRAVEL","travel_companions"
5,"What is the main reason you travel?","TRAVEL","core_motivations"
6,"What are absolute deal-breakers for you when traveling?","TRAVEL","avoid_on_trips"
7,"What are your favorite travel destinations or regions?","TRAVEL","favorite_regions_or_countries"
8,"What climate or weather do you prefer when traveling?","TRAVEL","preferred_climate"
9,"What type of landscape do you prefer (beach, mountains, city, countryside)?","TRAVEL","preferred_landscapes"
10,"Do you prefer visiting cities or being in nature?","TRAVEL","urban_vs_nature_preference"
11,"What cultural interests do you have when traveling?","TRAVEL","cultural_interests"
12,"What languages do you speak?","TRAVEL","language_comfort_zones"
13,"What destinations are on your travel bucket list?","TRAVEL","travel_bucket_list"
14,"What type of accommodation do you prefer (hotels, Airbnb, hostels, camping)?","TRAVEL","preferred_types"
15,"What comfort level do you prefer for accommodation (budget, standard, luxury)?","TRAVEL","comfort_level"
16,"How would you describe your accommodation style preference?","TRAVEL","style_keywords"
17,"What are must-have amenities for you in accommodation?","TRAVEL","amenities_priority"
18,"Do you have favorite hotel brands or chains?","TRAVEL","favorite_hotels_or_brands"
19,"How long do you typically stay in one location?","TRAVEL","stay_duration_pattern"
20,"What is your preferred mode of transport (plane, train, car, bus)?","TRAVEL","preferred_modes"
21,"Do you have preferred airlines or train companies?","TRAVEL","airline_or_train_loyalty"
22,"What is your seat preference (window, aisle, doesn\'t matter)?","TRAVEL","seat_preference"
23,"How do you pack (light or heavy)?","TRAVEL","baggage_habits"
24,"Do you usually rent cars when traveling?","TRAVEL","car_rental_preference"
25,"How important is sustainable travel to you?","TRAVEL","sustainability_priority"
26,"Do you have any dietary needs or restrictions when traveling?","TRAVEL","dietary_considerations"
27,"What are your favorite cuisines?","TRAVEL","favorite_cuisines"
28,"What is your coffee preference?","TRAVEL","coffee_habits"
29,"What type of restaurants do you prefer (fine dining, casual, street food)?","TRAVEL","restaurant_type_preference"
30,"Do you like to try local food or stick to familiar options?","TRAVEL","local_food_openness"
31,"Are there foods you avoid when traveling?","TRAVEL","avoid_foods"
32,"What is your typical budget per trip?","TRAVEL","average_budget_per_trip"
33,"How flexible is your travel budget (strict or flexible)?","TRAVEL","budget_flexibility"
34,"What do you like to splurge on when traveling?","TRAVEL","splurge_categories"
35,"Where do you save money when traveling?","TRAVEL","saving_preferences"
36,"What does good value mean to you in travel?","TRAVEL","value_definition"
37,"What is your preferred payment method (cash, card, mobile)?","TRAVEL","preferred_payment_method"
38,"Do you prefer detailed planning or spontaneous travel?","TRAVEL","planning_style"
39,"How far in advance do you usually book your trips?","TRAVEL","booking_window"
40,"How do you discover new travel destinations?","TRAVEL","trip_discovery_channels"
41,"What are your most trusted travel information sources?","TRAVEL","trust_sources"
42,"What is your ideal trip length?","TRAVEL","trip_length_preference"
43,"How spontaneous are you when traveling (planned itinerary or go-with-the-flow)?","TRAVEL","spontaneity_level"
44,"What feeling do you want to experience from travel?","TRAVEL","feelings_sought_on_trip"
45,"If you could describe your perfect trip in one word, what would it be?","TRAVEL","perfect_trip_description"
46,"What was the best trip you\'ve ever taken?","TRAVEL","most_memorable_trip"
47,"What was your worst travel experience?","TRAVEL","worst_trip_pain_points"
48,"What stresses you the most when traveling?","TRAVEL","stress_triggers_when_traveling"
49,"How do you typically feel after returning from a trip?","TRAVEL","post_trip_feelings"
50,"What activities or experiences do you enjoy most when traveling?","TRAVEL","favorite_travel_activities"
51,"How would you describe your personal style in 3 words?","SHOPPING","style_words"
52,"What colors do you wear most often?","SHOPPING","dominant_colors"
53,"What materials or fabrics do you prefer?","SHOPPING","preferred_materials"
54,"What materials or patterns do you avoid?","SHOPPING","avoided_textures_patterns"
55,"What design qualities do you look for in products?","SHOPPING","attractive_design_qualities"
56,"What brands feel like they represent you?","SHOPPING","product_feels_like_me"
57,"What or who inspires your style?","SHOPPING","visual_references"
58,"What are your clothing sizes (tops, bottoms, shoes)?","SHOPPING","sizes"
59,"What is your preferred fit (tight, fitted, regular, loose, oversized)?","SHOPPING","preferred_fit"
60,"What brands fit you particularly well?","SHOPPING","brands_fit_well"
61,"What are your comfort must-haves in clothing?","SHOPPING","comfort_features"
62,"What cuts or shapes do you avoid?","SHOPPING","cuts_shapes_to_avoid"
63,"Do you have any fabric sensitivities?","SHOPPING","sensitivity_notes"
64,"What do you mainly buy clothes for (work, casual, sports, formal)?","SHOPPING","main_use_cases"
65,"How often do you buy clothes?","SHOPPING","purchase_frequency_by_use_case"
66,"What are your functional must-haves in products?","SHOPPING","key_functional_traits"
67,"What brands make up your current wardrobe?","SHOPPING","existing_ecosystem"
68,"How often do you upgrade tech or gear?","SHOPPING","tech_upgrade_cadence"
69,"How do you discover new products?","SHOPPING","discovery_channels"
70,"What brands align with your values?","SHOPPING","value_aligned_brands"
71,"What brand stories resonate with you?","SHOPPING","appealing_brand_stories"
72,"What practices or materials do you avoid when shopping?","SHOPPING","avoid_practices_materials"
73,"How important is local or ethical production to you (high, medium, low)?","SHOPPING","local_ethic_priority"
74,"Do you actively support small or new brands?","SHOPPING","prioritize_emerging_brands"
75,"What certifications are important to you?","SHOPPING","preferred_certifications"
76,"What is your budget for everyday clothes?","SHOPPING","price_range_everyday_clothing"
77,"What is your budget for shoes?","SHOPPING","price_range_shoes"
78,"What is your budget for tech products?","SHOPPING","price_range_tech"
79,"Do you prefer quality or quantity when shopping?","SHOPPING","quality_vs_quantity"
80,"What makes a product worth its price to you?","SHOPPING","worth_it_criteria"
81,"Where do you live (city/region)?","SHOPPING","primary_location"
82,"What is the typical weather where you live?","SHOPPING","typical_weather"
83,"How often do you travel?","SHOPPING","travel_habits"
84,"What is your daily routine like?","SHOPPING","daily_rhythm"
85,"What environmental factors affect your clothing choices?","SHOPPING","environmental_constraints"
86,"How would you describe your lifestyle (active, sedentary, mixed)?","SHOPPING","lifestyle_habits"
87,"Do you make quick shopping decisions or do extensive research?","SHOPPING","decision_style"
88,"How many options do you typically compare before buying?","SHOPPING","typical_comparison_set_size"
89,"Do you prefer a curated selection or wide choice when shopping?","SHOPPING","curation_preference"
90,"How often do you return purchases?","SHOPPING","return_rate_sentiment"
91,"What triggers you to make a purchase?","SHOPPING","purchase_triggers"
92,"How much do reviews influence your shopping decisions?","SHOPPING","review_influence_level"
93,"Do you prefer shopping online or in-store?","SHOPPING","shopping_mode_preference"
94,"How should the shopping experience feel to you?","SHOPPING","desired_purchase_emotions"
95,"Do you prioritize product story or function?","SHOPPING","story_vs_function_bias"
96,"What are your packaging preferences?","SHOPPING","packaging_preferences"
97,"What was your best purchase ever?","SHOPPING","most_memorable_purchase"
98,"What are your most common purchase regrets?","SHOPPING","most_common_regret"
99,"What makes a purchase perfect for you?","SHOPPING","perfect_buy_definition"
100,"How do you approach trend-following (always on-trend, selectively, classic style)?","SHOPPING","trend_following_approach"
101,"What emotions do you feel most often?","EMOTIONS","core_emotions_felt_often"
102,"How do you show your emotions?","EMOTIONS","emotional_expression_style"
103,"How comfortable are you talking about emotions (high, medium, low)?","EMOTIONS","emotional_language_strength"
104,"How comfortable are you with vulnerability (high, medium, low)?","EMOTIONS","comfort_with_vulnerability"
105,"What is your overall emotional tone?","EMOTIONS","dominant_emotional_tone"
106,"What is your relationship with emotions (embrace or avoid)?","EMOTIONS","relationship_with_emotions"
107,"How would you describe your daily mood range (stable or varied)?","EMOTIONS","typical_daily_mood_range"
108,"Does your energy affect your mood or vice versa?","EMOTIONS","energy_vs_emotion_pattern"
109,"What lifts your mood?","EMOTIONS","emotional_triggers_positive"
110,"What brings you down?","EMOTIONS","emotional_triggers_negative"
111,"How do you cope with stress?","EMOTIONS","coping_mechanisms"
112,"How quickly do you recover from emotional setbacks (fast or slow)?","EMOTIONS","emotional_recovery_speed"
113,"How strong is your need for connection (high, medium, low)?","EMOTIONS","need_for_connection"
114,"How strong is your need for stability (high, medium, low)?","EMOTIONS","need_for_stability"
115,"How strong is your need for excitement (high, medium, low)?","EMOTIONS","need_for_excitement_or_novelty"
116,"How strong is your need for recognition (high, medium, low)?","EMOTIONS","need_for_recognition"
117,"How strong is your need for safety (high, medium, low)?","EMOTIONS","need_for_safety"
118,"How strong is your need for independence (high, medium, low)?","EMOTIONS","need_for_autonomy"
119,"How do you prefer to express yourself?","EMOTIONS","preferred_forms_of_expression"
120,"What are your emotional outlets?","EMOTIONS","creative_or_physical_outlets"
121,"How do you share your feelings (openly, selectively, rarely)?","EMOTIONS","communication_of_feelings"
122,"How aware are you of body language (high, medium, low)?","EMOTIONS","body_language_awareness"
123,"Do you tend to suppress or share emotions?","EMOTIONS","tendency_to_suppress_or_share"
124,"What are your emotional release rituals?","EMOTIONS","rituals_for_emotional_release"
125,"What is your typical stress response?","EMOTIONS","stress_response_pattern"
126,"What are your main sources of stress?","EMOTIONS","main_sources_of_stress"
127,"What are your stress management strategies?","EMOTIONS","stress_management_strategies"
128,"What builds resilience for you?","EMOTIONS","resilience_triggers"
129,"What comforts you when you need it?","EMOTIONS","comfort_sources"
130,"What burnout signs do you notice in yourself?","EMOTIONS","burnout_signs"
131,"How would you rate your self-awareness (high, medium, low)?","EMOTIONS","self_awareness_level"
132,"How would you rate your empathy level (high, medium, low)?","EMOTIONS","empathy_toward_others"
133,"Can you name and label emotions easily?","EMOTIONS","ability_to_label_emotions"
134,"How would you rate your emotion regulation (strong, moderate, needs work)?","EMOTIONS","emotional_regulation_skill"
135,"How easily can you read others\' emotions (easily, sometimes, rarely)?","EMOTIONS","pattern_recognition_in_others"
136,"What are your emotional development goals?","EMOTIONS","emotional_learning_goals"
137,"What are your main sources of joy?","EMOTIONS","sources_of_joy"
138,"When do you feel most calm?","EMOTIONS","moments_of_calm"
139,"What reduces your wellbeing?","EMOTIONS","factors_that_reduce_wellbeing"
140,"What are your gratitude practices?","EMOTIONS","gratitude_practices"
141,"How do you define happiness?","EMOTIONS","definition_of_happiness"
142,"What is your strategy for emotional balance?","EMOTIONS","emotional_balance_strategy"
143,"What recent emotional insights have you had?","EMOTIONS","recent_emotional_realizations"
144,"What has been your most dominant feeling lately?","EMOTIONS","most_common_feeling_lately"
145,"What emotions do you want to experience more of?","EMOTIONS","emotions_you_want_to_experience_more"
146,"What emotions do you tend to avoid?","EMOTIONS","emotions_you_avoid"
147,"What do your emotions teach you?","EMOTIONS","what_your_emotions_teach_you"
148,"How do emotions shape your identity?","EMOTIONS","relationship_between_emotion_and_identity"
149,"Who or what is your emotional support system?","EMOTIONS","emotional_support_system"
150,"How do you set emotional boundaries?","EMOTIONS","emotional_boundaries"
151,"What is your current job title or role?","WORK","current_role"
152,"What industry do you work in?","WORK","industry"
153,"What type and size of company do you work for?","WORK","company_or_organization"
154,"What is your team size?","WORK","workplace_size"
155,"How many years of professional experience do you have?","WORK","years_of_experience"
156,"What are your top 3 professional strengths?","WORK","professional_strengths"
157,"What are your most important career values?","WORK","career_values"
158,"What are your short-term career goals?","WORK","short_term_goals"
159,"What are your long-term career goals?","WORK","long_term_goals"
160,"What is your dream job?","WORK","career_dreams"
161,"What motivates you at work?","WORK","motivation_for_work"
162,"How do you define professional success?","WORK","definition_of_success"
163,"Who or what inspires you professionally?","WORK","career_inspirations"
164,"What are your typical work hours?","WORK","typical_work_hours"
165,"What is your preferred work start time?","WORK","preferred_start_time"
166,"What is your break frequency and style during work?","WORK","break_patterns"
167,"When is your peak focus time during the day?","WORK","focus_energy_cycles"
168,"What is your workload capacity (high, medium, low)?","WORK","workload_tolerance"
169,"How would you describe your ideal workday?","WORK","ideal_workday_description"
170,"What is your collaboration style (solo, team, mix)?","WORK","collaboration_style"
171,"What are your preferred communication methods (meetings, email, chat, calls)?","WORK","communication_preferences"
172,"What is your meeting tolerance (high, medium, low)?","WORK","meeting_tolerance_level"
173,"How do you prefer to receive feedback (direct, gentle, written, verbal)?","WORK","feedback_preference"
174,"What team size do you prefer working with?","WORK","team_dynamics_preference"
175,"What are your preferred communication tools?","WORK","preferred_tools_for_communication"
176,"What is your project management approach (structured, flexible, agile)?","WORK","project_management_style"
177,"What productivity system do you use?","WORK","preferred_productivity_system"
178,"What are your essential work tools or apps?","WORK","favorite_work_apps_or_tools"
179,"How would you describe your organization style (neat, chaotic, functional)?","WORK","file_organization_habits"
180,"What AI or automation tools do you use at work?","WORK","automation_or_ai_tools_used"
181,"How do you manage distractions at work?","WORK","distraction_management_strategies"
182,"What is your leadership style?","WORK","leadership_style"
183,"Are you a mentor, mentee, or both?","WORK","mentorship_roles"
184,"What are your work-related learning priorities?","WORK","learning_priorities_for_work"
185,"What is your decision-making style (quick, thorough, collaborative)?","WORK","decision_making_style"
186,"How comfortable are you with change (high, medium, low)?","WORK","change_management_comfort"
187,"What are your growth mindset practices?","WORK","growth_mindset_practices"
188,"What is your preferred work location (office, remote, hybrid)?","WORK","preferred_work_location"
189,"How would you describe your home office setup?","WORK","home_office_setup"
190,"What office environment do you prefer (quiet, busy, collaborative)?","WORK","office_environment_preferences"
191,"How often do you travel for work?","WORK","travel_frequency_for_work"
192,"What is your commute preference?","WORK","commute_preference"
193,"What is your ideal workspace vibe?","WORK","ideal_workspace_vibe"
194,"How do you feel about your work?","WORK","feelings_toward_work"
195,"When do you experience flow at work?","WORK","moments_of_flow"
196,"What are your biggest work-related stressors?","WORK","biggest_sources_of_stress"
197,"What are your proudest work moments?","WORK","most_proud_work_moments"
198,"How do you define work-life balance?","WORK","work_life_balance_definition"
199,"What purpose do you find in your work?","WORK","purpose_you_find_in_work"
200,"What are your professional development priorities?","WORK","professional_development_priorities"
201,"What is your diet type (omnivore, vegetarian, vegan, other)?","NUTRITION","overall_diet_type"
202,"What is your eating philosophy?","NUTRITION","eating_philosophy"
203,"Do you have any dietary restrictions?","NUTRITION","dietary_restrictions"
204,"Do you have any food allergies?","NUTRITION","allergies"
205,"Do you have ethical or religious food rules?","NUTRITION","ethical_or_religious_considerations"
206,"What are your nutrition goals?","NUTRITION","nutrition_goals"
207,"How flexible is your diet (strict, moderate, flexible)?","NUTRITION","flexibility_level"
208,"How many meals do you eat per day?","NUTRITION","meal_frequency"
209,"What time do you usually eat breakfast?","NUTRITION","usual_breakfast_time"
210,"What time do you usually eat lunch?","NUTRITION","usual_lunch_time"
211,"What time do you usually eat dinner?","NUTRITION","usual_dinner_time"
212,"What are your snacking habits?","NUTRITION","snack_patterns"
213,"Do you eat late at night (yes, no, sometimes)?","NUTRITION","late_night_eating_habit"
214,"What are your favorite cuisines?","NUTRITION","favorite_cuisines"
215,"What are your favorite dishes?","NUTRITION","favorite_dishes"
216,"What flavor profiles do you prefer (sweet, salty, spicy, sour)?","NUTRITION","preferred_flavors"
217,"What foods do you dislike?","NUTRITION","disliked_foods"
218,"What are your comfort foods?","NUTRITION","comfort_foods"
219,"How often do you try new foods (always, sometimes, rarely)?","NUTRITION","experimental_openness"
220,"What beverages do you drink daily?","NUTRITION","daily_drinks"
221,"Do you prefer coffee, tea, or both?","NUTRITION","coffee_or_tea_preference"
222,"How often do you drink alcohol (regularly, socially, rarely, never)?","NUTRITION","alcohol_consumption_pattern"
223,"How much water do you drink per day?","NUTRITION","hydration_habits"
224,"What are your favorite non-alcoholic drinks?","NUTRITION","favorite_non_alcoholic_drinks"
225,"What beverages do you avoid?","NUTRITION","avoid_beverages"
226,"How often do you cook (daily, weekly, rarely, never)?","NUTRITION","cooking_frequency"
227,"What are your preferred cooking methods?","NUTRITION","preferred_cooking_methods"
228,"What is your cooking skill level (beginner, intermediate, advanced)?","NUTRITION","skill_level"
229,"What are your favorite ingredients to cook with?","NUTRITION","favorite_ingredients"
230,"What are your essential kitchen tools?","NUTRITION","kitchen_equipment_priority"
231,"How often do you order takeout?","NUTRITION","takeout_frequency"
232,"How do you connect food and fitness?","NUTRITION","fitness_connection"
233,"What supplements do you take?","NUTRITION","supplement_routine"
234,"Do you track your food intake (yes, no, sometimes)?","NUTRITION","tracking_methods"
235,"How much priority do you give to gut health (high, medium, low)?","NUTRITION","gut_health_focus"
236,"How does food affect your energy levels?","NUTRITION","energy_level_patterns"
237,"What food sensitivities are you aware of?","NUTRITION","food_sensitivity_awareness"
238,"How often do you grocery shop?","NUTRITION","grocery_frequency"
239,"What are your preferred grocery stores or brands?","NUTRITION","preferred_supermarkets_or_brands"
240,"How important is organic food to you (high, medium, low)?","NUTRITION","organic_preference"
241,"What is your weekly food budget?","NUTRITION","budget_per_week"
242,"Do you grocery shop online, in-store, or both?","NUTRITION","online_vs_offline_shopping"
243,"How important is local or sustainable sourcing (high, medium, low)?","NUTRITION","food_sourcing_priority"
244,"What emotional triggers lead you to eat?","NUTRITION","emotional_triggers_for_eating"
245,"Do you use food as a reward or relaxation (yes, no, sometimes)?","NUTRITION","food_as_reward_or_relaxation"
246,"What was your most memorable meal?","NUTRITION","most_memorable_meal"
247,"Do you stress eat (yes, no, sometimes)?","NUTRITION","stress_eating_tendency"
248,"What are your mindful eating practices?","NUTRITION","mindful_eating_practices"
249,"How do you define a good meal?","NUTRITION","definition_of_good_meal"
250,"How do you approach meal planning?","NUTRITION","meal_planning_habits"
251,"What is your typical sleep schedule?","HEALTH","sleep_pattern"
252,"How many hours of sleep do you need?","HEALTH","sleep_hours"
253,"How would you rate your sleep quality (good, fair, poor)?","HEALTH","sleep_quality"
254,"How often do you exercise?","HEALTH","exercise_routine"
255,"What type of exercise do you do (cardio, strength, yoga, mix)?","HEALTH","exercise_type"
256,"How long do you exercise per session?","HEALTH","exercise_duration"
257,"What are your fitness goals?","HEALTH","fitness_goals"
258,"What are your top health priorities?","HEALTH","health_priorities"
259,"Do you have any chronic health conditions?","HEALTH","chronic_conditions"
260,"What regular medications do you take?","HEALTH","medications_regular"
261,"What daily supplements do you take?","HEALTH","supplements"
262,"Do you track health metrics?","HEALTH","health_tracking"
263,"How many times do you visit the doctor per year?","HEALTH","doctor_visit_frequency"
264,"What are your preventive care habits?","HEALTH","preventive_care"
265,"What are your mental health practices?","HEALTH","mental_health_practices"
266,"What is your typical stress level (high, medium, low)?","HEALTH","stress_level"
267,"What are your typical energy levels (high, medium, low)?","HEALTH","energy_levels"
268,"How aware are you of your body signals (high, medium, low)?","HEALTH","body_signals_awareness"
269,"Do you have any chronic pain areas?","HEALTH","pain_areas"
270,"Do you have any mobility limitations?","HEALTH","mobility_issues"
271,"Do you have any vision or hearing needs?","HEALTH","vision_hearing"
272,"How high is dental health on your priority list (high, medium, low)?","HEALTH","dental_health"
273,"What is your skincare routine?","HEALTH","skin_care_routine"
274,"How much water do you drink daily?","HEALTH","water_intake"
275,"How much caffeine do you consume daily?","HEALTH","caffeine_consumption"
276,"What are your alcohol limits?","HEALTH","alcohol_limits"
277,"What is your smoking status (yes, no, former)?","HEALTH","smoking_status"
278,"How much screen time do you have daily?","HEALTH","screen_time"
279,"How much time do you spend outdoors per day?","HEALTH","outdoor_time"
280,"What are your recovery priorities?","HEALTH","recovery_priorities"
281,"What is your health anxiety level (high, medium, low)?","HEALTH","health_anxiety"
282,"What is your monthly wellness budget?","HEALTH","wellness_budget"
283,"What is your health insurance coverage?","HEALTH","health_insurance"
284,"Do you use alternative medicine?","HEALTH","alternative_medicine"
285,"What are your body goals?","HEALTH","body_goals"
286,"How would you rate your immune system health?","HEALTH","immune_system_health"
287,"Do you have any allergies?","HEALTH","allergy_situation"
288,"How is your digestive health?","HEALTH","digestive_health"
289,"Do you have any hormonal health concerns?","HEALTH","hormonal_health"
290,"How is your cardiovascular health?","HEALTH","heart_health"
291,"How is your respiratory health?","HEALTH","respiratory_health"
292,"How is your bone health?","HEALTH","bone_health"
293,"How aware are you of your posture?","HEALTH","posture_awareness"
294,"Do you have a stretching routine?","HEALTH","stretching_routine"
295,"What is your injury history?","HEALTH","injury_history"
296,"How often do you get comprehensive health check-ups?","HEALTH","health_check_frequency"
297,"How do you educate yourself about health?","HEALTH","health_education"
298,"Who are your health role models?","HEALTH","health_role_models"
299,"What practices do you follow for longevity?","HEALTH","longevity_practices"
300,"What health transformations are you working towards?","HEALTH","health_transformation_goals"
301,"How do you view your past (nostalgic, neutral, prefer present)?","MEMORY","relationship_with_past"
302,"How important are memories to you (high, medium, low)?","MEMORY","attitude_toward_memory"
303,"How often do you feel nostalgic (often, sometimes, rarely)?","MEMORY","emotional_connection_to_nostalgia"
304,"What is your perspective on change (embrace, accept, resist)?","MEMORY","view_on_time_and_change"
305,"How do you tell stories (detailed, brief, visual)?","MEMORY","storytelling_style"
306,"What are common triggers for your memories?","MEMORY","memory_triggers"
307,"What is your favorite childhood memory?","MEMORY","childhood_memories"
308,"What was your defining moment as a teenager?","MEMORY","adolescent_formative_experiences"
309,"What was your defining moment as an adult?","MEMORY","adulthood_defining_moments"
310,"What is your proudest achievement?","MEMORY","career_or_achievement_highlights"
311,"What is the biggest lesson you have learned?","MEMORY","transformative_failures_or_lessons"
312,"What was a moment when everything clicked for you?","MEMORY","moments_of_awakening"
313,"Who is the most influential person in your life?","MEMORY","most_influential_people"
314,"What is a shared memory you treasure?","MEMORY","memories_shared_with_loved_ones"
315,"What loss has shaped who you are?","MEMORY","losses_that_shaped_you"
316,"Who was a key mentor in your life?","MEMORY","mentors_or_role_models"
317,"What is a treasured friendship moment?","MEMORY","friendship_moments_you_value"
318,"What relationship transition had the biggest impact on you?","MEMORY","relationship_transitions"
319,"Where was your childhood home?","MEMORY","childhood_places"
320,"What place shaped who you are?","MEMORY","cities_or_countries_that_shaped_you"
321,"What is your favorite place from the past?","MEMORY","favorite_places_from_past"
322,"What place feels like home to you?","MEMORY","places_associated_with_calm_or_home"
323,"What is a memorable travel moment?","MEMORY","memories_linked_to_travel"
324,"What smell or sound triggers memories for you?","MEMORY","environmental_sensory_triggers"
325,"What is a sentimental object you keep?","MEMORY","sentimental_objects"
326,"Do you have a family heirloom?","MEMORY","family_heirlooms_or_symbols"
327,"What song or art evokes strong memories?","MEMORY","music_or_art_that_evokes_memory"
328,"What digital memories do you save?","MEMORY","digital_memories_saved"
329,"Do you keep journals or personal archives?","MEMORY","personal_archives_or_journals"
330,"What photograph defines you or your life?","MEMORY","photographs_that_define_you"
331,"What is your happiest memory?","MEMORY","happiest_memories"
332,"What was your toughest moment?","MEMORY","most_challenging_moments"
333,"What is a loving memory you cherish?","MEMORY","memories_of_love_and_connection"
334,"What is a difficult memory you carry?","MEMORY","memories_of_fear_or_loss"
335,"What themes repeat in your memories?","MEMORY","themes_that_repeat_in_memory"
336,"What memory have you reframed or healed?","MEMORY","healing_or_reframed_memories"
337,"What is a key life lesson from your past?","MEMORY","lessons_from_past"
338,"How do you revisit old memories (photos, stories, places)?","MEMORY","how_you_revisit_old_memories"
339,"How does your past influence your present choices?","MEMORY","how_memory_influences_present_choices"
340,"What moment do you want to preserve forever?","MEMORY","moments_you_want_to_preserve_forever"
341,"How do you deal with regret?","MEMORY","how_you_deal_with_regret"
342,"What do memories mean to you?","MEMORY","what_memory_means_to_you"
343,"What story do you often tell about yourself?","MEMORY","stories_you_tell_about_yourself"
344,"What story do you avoid telling?","MEMORY","stories_you_avoid_telling"
345,"Who do you want to pass your memories to?","MEMORY","people_you_want_to_pass_memories_to"
346,"How do you preserve your memories?","MEMORY","mediums_you_use_to_preserve_memory"
347,"How do you want to be remembered?","MEMORY","how_you_want_to_be_remembered"
348,"Do you have a memory project or archive idea?","MEMORY","memory_project_or_archive_idea"
349,"What forgotten memories do you wish you could recall?","MEMORY","forgotten_memories_you_wish_to_recall"
350,"What is your earliest memory?","MEMORY","earliest_memory"
351,"How would you describe your creativity in 3 words?","ARTS & CREATIVITY","creative_self_description"
352,"How important is creativity in your life (high, medium, low)?","ARTS & CREATIVITY","role_of_creativity_in_life"
353,"What creative disciplines do you practice?","ARTS & CREATIVITY","artistic_or_inventive_disciplines"
354,"What are your creative strengths?","ARTS & CREATIVITY","creative_strengths"
355,"What are your creative challenges?","ARTS & CREATIVITY","creative_challenges"
356,"How do you define originality?","ARTS & CREATIVITY","definition_of_originality"
357,"What are your favorite art styles or movements?","ARTS & CREATIVITY","favorite_art_styles_or_movements"
358,"How would you describe your aesthetic in 3 words?","ARTS & CREATIVITY","aesthetic_keywords"
359,"What is your preferred color palette?","ARTS & CREATIVITY","preferred_color_palettes"
360,"What are your preferred creative mediums?","ARTS & CREATIVITY","material_or_medium_preferences"
361,"What emotional impact does art have on you?","ARTS & CREATIVITY","emotional_response_to_aesthetics"
362,"What symbols or visual motifs resonate with you?","ARTS & CREATIVITY","symbols_or_visual_motifs"
363,"What are your main sources of inspiration?","ARTS & CREATIVITY","inspiration_sources"
364,"How do you generate new ideas?","ARTS & CREATIVITY","idea_generation_methods"
365,"What is your workflow from idea to creation?","ARTS & CREATIVITY","workflow_from_idea_to_creation"
366,"What are your preferred creative tools?","ARTS & CREATIVITY","preferred_tools_or_mediums"
367,"Do you plan or improvise when creating?","ARTS & CREATIVITY","balance_between_planning_and_improvisation"
368,"What are your creative rituals or routines?","ARTS & CREATIVITY","creative_rituals_or_routines"
369,"What is your approach to innovation?","ARTS & CREATIVITY","approach_to_innovation"
370,"How comfortable are you with ambiguity and failure (high, medium, low)?","ARTS & CREATIVITY","comfort_with_ambiguity_and_failure"
371,"What triggers your curiosity?","ARTS & CREATIVITY","curiosity_triggers"
372,"How often do you collaborate creatively (often, sometimes, solo)?","ARTS & CREATIVITY","collaboration_in_creation"
373,"How strong is your pattern recognition?","ARTS & CREATIVITY","pattern_recognition_strengths"
374,"What is a creative project you are proud of?","ARTS & CREATIVITY","examples_of_inventive_projects"
375,"What are your creative outlets?","ARTS & CREATIVITY","creative_outlets"
376,"What art forms do you practice?","ARTS & CREATIVITY","art_forms_you_practice"
377,"Have you performed or exhibited your work?","ARTS & CREATIVITY","performance_or_exhibition_experience"
378,"What are your favorite creative themes?","ARTS & CREATIVITY","favorite_subjects_or_themes"
379,"Who do you create for (self, specific audience, everyone)?","ARTS & CREATIVITY","audience_relationship"
380,"Do you use art as emotional expression?","ARTS & CREATIVITY","art_as_emotional_expression"
381,"Who are your favorite artists or creators?","ARTS & CREATIVITY","favorite_artists_or_creators"
382,"What works inspire you?","ARTS & CREATIVITY","inspirational_works"
383,"What museums or events do you visit?","ARTS & CREATIVITY","museums_or_events_you_frequent"
384,"What are your favorite music, books, or films?","ARTS & CREATIVITY","favorite_music_books_or_films"
385,"What online art communities do you participate in?","ARTS & CREATIVITY","online_art_spaces_or_communities"
386,"What are your daily sources of inspiration?","ARTS & CREATIVITY","daily_inspiration_sources"
387,"What creative skills are you developing?","ARTS & CREATIVITY","skills_in_development"
388,"What creative courses or workshops have you taken?","ARTS & CREATIVITY","creative_courses_or_workshops"
389,"Do you have creative mentors or peers you learn from?","ARTS & CREATIVITY","mentorship_or_peer_learning"
390,"How do you handle creative feedback (well, with difficulty, avoid)?","ARTS & CREATIVITY","creative_feedback_habits"
391,"What creative project do you want to master?","ARTS & CREATIVITY","projects_you_want_to_master"
392,"What is your vision for creative growth?","ARTS & CREATIVITY","vision_for_creative_growth"
393,"What are your artistic or innovative goals?","ARTS & CREATIVITY","artistic_or_innovative_goals"
394,"What creative tools or technologies do you want to explore?","ARTS & CREATIVITY","technologies_or_tools_you_want_to_explore"
395,"Who would be your dream collaboration partner?","ARTS & CREATIVITY","dream_collaborations"
396,"What is your vision for future creative work?","ARTS & CREATIVITY","vision_for_future_creative_work"
397,"What cultural impact do you want to make?","ARTS & CREATIVITY","cultural_impact_you_want_to_make"
398,"How do you define your creative legacy?","ARTS & CREATIVITY","definition_of_creative_legacy"
399,"How do you deal with creative blocks?","ARTS & CREATIVITY","creative_blocks_and_solutions"
400,"How has your artistic style evolved over time?","ARTS & CREATIVITY","artistic_evolution"
401,"What is your family structure?","FAMILY","family_structure"
402,"How large is your family?","FAMILY","family_size"
403,"What is your relationship status?","FAMILY","relationship_status"
404,"Do you have children (yes, no, planning)?","FAMILY","children"
405,"What are your children\'s ages?","FAMILY","children_ages"
406,"What is your parenting style?","FAMILY","parenting_style"
407,"How close are you with extended family (close, moderate, distant)?","FAMILY","extended_family_closeness"
408,"What are your core family values?","FAMILY","family_values"
409,"What family traditions do you have?","FAMILY","family_traditions"
410,"How often does your family gather?","FAMILY","family_gathering_frequency"
411,"How would you describe your family communication (open, reserved, complex)?","FAMILY","family_communication_style"
412,"How does your family resolve conflicts?","FAMILY","conflict_resolution"
413,"What is your primary support system?","FAMILY","support_system"
414,"What caregiving roles do you have?","FAMILY","caregiving_responsibilities"
415,"How are household roles distributed in your family?","FAMILY","household_roles"
416,"How are family decisions made (joint, individual, shared)?","FAMILY","decision_making_family"
417,"What is your cultural heritage?","FAMILY","cultural_heritage"
418,"What language(s) are spoken at home?","FAMILY","language_spoken_at_home"
419,"What are your family\'s religious practices?","FAMILY","religious_practices"
420,"What are common family activities?","FAMILY","family_activities"
421,"What is your family vacation style?","FAMILY","vacation_style_family"
422,"How often does your family eat meals together?","FAMILY","family_meals_frequency"
423,"Do you have pets?","FAMILY","pet_situation"
424,"What is your living situation (alone, partner, family, roommates)?","FAMILY","living_situation"
425,"How far do you live from family (same city, nearby, far)?","FAMILY","proximity_to_family"
426,"What are your family support needs?","FAMILY","family_support_needs"
427,"What are your future family plans?","FAMILY","future_family_plans"
428,"What parenting challenges do you face?","FAMILY","parenting_challenges"
429,"What family health concerns do you have?","FAMILY","family_health_concerns"
430,"Do you have estate planning in place (yes, in progress, no)?","FAMILY","inheritance_planning"
431,"Is your family involved in a business?","FAMILY","family_business"
432,"How would you describe your sibling relationships?","FAMILY","sibling_relationships"
433,"How is your relationship with your parents?","FAMILY","parent_relationship"
434,"How is your relationship with in-laws?","FAMILY","in_law_relationships"
435,"How are your family boundaries (clear, flexible, needs work)?","FAMILY","family_boundaries"
436,"How would you describe your family dynamics?","FAMILY","family_dynamics"
437,"What family history is important to you?","FAMILY","family_history"
438,"What generational patterns do you notice in your family?","FAMILY","generational_patterns"
439,"What are your family\'s strengths?","FAMILY","family_strengths"
440,"What areas could your family improve on?","FAMILY","family_growth_areas"
441,"How does your family celebrate special occasions?","FAMILY","family_celebrations"
442,"How does your family handle crises?","FAMILY","family_crisis_management"
443,"How are relationships between generations in your family?","FAMILY","intergenerational_relationships"
444,"How have family roles evolved over time?","FAMILY","family_roles_evolution"
445,"If applicable, how do you navigate blended family dynamics?","FAMILY","blended_family_dynamics"
446,"What legacy do you want to create for your family?","FAMILY","family_legacy"
447,"Do you have chosen family (non-blood relatives who are like family)?","FAMILY","chosen_family"
448,"How do you ensure quality family time?","FAMILY","family_time_quality"
449,"How does your family approach technology use?","FAMILY","family_technology_use"
450,"How does your family approach finances together?","FAMILY","family_financial_approach"
451,"What is your age?","IDENTITY","age"
452,"What is your gender?","IDENTITY","gender"
453,"What are your pronouns?","IDENTITY","pronouns"
454,"What is your nationality?","IDENTITY","nationality"
455,"What is your ethnicity?","IDENTITY","ethnicity"
456,"What languages do you speak?","IDENTITY","languages_spoken"
457,"What is your religion or spirituality?","IDENTITY","religion"
458,"What is your political leaning?","IDENTITY","political_leaning"
459,"What is your education level?","IDENTITY","education_level"
460,"What is your personality type (MBTI, Enneagram, etc.)?","IDENTITY","personality_type"
461,"What are your core values?","IDENTITY","core_values"
462,"What is your life philosophy in one sentence?","IDENTITY","life_philosophy"
463,"What are your top 3 strengths?","IDENTITY","strengths"
464,"What are your areas for growth?","IDENTITY","weaknesses"
465,"Are you an introvert, extrovert, or ambivert?","IDENTITY","introvert_extrovert"
466,"What is your risk tolerance (high, medium, low)?","IDENTITY","risk_tolerance"
467,"What is your decision-making style (intuitive, analytical, both)?","IDENTITY","decision_making_style_general"
468,"What is your conflict style (avoid, confront, compromise)?","IDENTITY","conflict_style"
469,"What is your communication style (direct, indirect, context-dependent)?","IDENTITY","communication_style_general"
470,"What is your love language?","IDENTITY","love_language"
471,"What is your attachment style?","IDENTITY","attachment_style"
472,"Are you a morning or night person?","IDENTITY","morning_night_person"
473,"What is your organization style (neat, messy, functional chaos)?","IDENTITY","organization_style"
474,"What is your perfectionism level (high, medium, low)?","IDENTITY","perfectionism_level"
475,"Are you spontaneous or a planner?","IDENTITY","spontaneity_vs_planning"
476,"Are you an optimist, pessimist, or realist?","IDENTITY","optimism_pessimism"
477,"What is your social battery level (high, medium, low)?","IDENTITY","social_battery"
478,"What are your alone time needs (high, medium, low)?","IDENTITY","alone_time_needs"
479,"What are your top 3 life priorities?","IDENTITY","life_priorities"
480,"What is your biggest fear?","IDENTITY","biggest_fear"
481,"What is your biggest dream?","IDENTITY","biggest_dream"
482,"Who are your role models?","IDENTITY","role_models"
483,"What was your life-changing moment?","IDENTITY","life_changing_moment"
484,"What is your proudest moment?","IDENTITY","proudest_moment"
485,"What is your biggest regret?","IDENTITY","biggest_regret"
486,"What is your personal mission statement?","IDENTITY","personal_mission_statement"
487,"How has your identity evolved over time?","IDENTITY","identity_evolution"
488,"How do you describe your cultural identity?","IDENTITY","cultural_identity"
489,"How do you express your gender?","IDENTITY","gender_expression"
490,"What is your sexual orientation?","IDENTITY","sexuality"
491,"Do you identify as neurodiverse?","IDENTITY","neurodiversity"
492,"Do you have a disability that shapes your identity?","IDENTITY","disability_identity"
493,"What is your social class background?","IDENTITY","social_class_background"
494,"What generation do you identify with?","IDENTITY","generational_identity"
495,"What regional identity is important to you?","IDENTITY","regional_identity"
496,"How important is your professional identity to your overall sense of self?","IDENTITY","professional_identity"
497,"Do you identify as a creative person?","IDENTITY","creative_identity"
498,"What has your spiritual journey been like?","IDENTITY","spiritual_journey"
499,"What values conflicts have you navigated?","IDENTITY","values_conflicts"
500,"What identity labels are important to you?","IDENTITY","identity_labels"
501,"What is your learning style (visual, auditory, kinesthetic, reading)?","LEARNING","learning_style"
502,"What learning format do you prefer (video, text, audio, hands-on)?","LEARNING","preferred_learning_format"
503,"What is your learning pace (fast, moderate, slow)?","LEARNING","learning_pace"
504,"What is your best retention method?","LEARNING","retention_method"
505,"What is your focus span (long, medium, short)?","LEARNING","concentration_span"
506,"What is your best learning time of day?","LEARNING","best_learning_time"
507,"What learning environment works best (quiet, background noise, music)?","LEARNING","learning_environment"
508,"What is your note-taking style (detailed, brief, digital, handwritten)?","LEARNING","note_taking_style"
509,"What are your current learning goals?","LEARNING","learning_goals"
510,"What subjects interest you?","LEARNING","subjects_of_interest"
511,"What is your highest level of education?","LEARNING","formal_education"
512,"What online learning platforms do you use?","LEARNING","online_course_platforms"
513,"What is your monthly learning budget?","LEARNING","learning_budget"
514,"What certifications are you pursuing?","LEARNING","certifications_desired"
515,"Do you prefer learning with a mentor or self-taught?","LEARNING","mentor_preference"
516,"Do you prefer group or solo learning?","LEARNING","group_vs_solo_learning"
517,"How often do you practice new skills?","LEARNING","practice_frequency"
518,"What are your learning challenges?","LEARNING","learning_challenges"
519,"How quickly do you apply new knowledge (immediately, eventually, rarely)?","LEARNING","knowledge_application"
520,"What skill gaps are you working to fill?","LEARNING","skill_gaps"
521,"What languages are you learning?","LEARNING","languages_learning"
522,"How often do you read?","LEARNING","reading_frequency"
523,"How often do you listen to podcasts?","LEARNING","podcast_listening"
524,"How often do you watch documentaries?","LEARNING","documentary_watching"
525,"How often do you attend conferences?","LEARNING","conference_attendance"
526,"How high is professional development on your priority list (high, medium, low)?","LEARNING","professional_development"
527,"How often do you teach others (often, sometimes, rarely)?","LEARNING","teaching_others"
528,"What learning communities have you joined?","LEARNING","learning_community"
529,"How do you share knowledge (actively, occasionally, privately)?","LEARNING","knowledge_sharing"
530,"What areas spark your curiosity?","LEARNING","curiosity_areas"
531,"What motivates you to learn?","LEARNING","learning_motivation"
532,"How do you handle learning failure (bounce back, discouraged, motivated)?","LEARNING","failure_response"
533,"How many hours per day do you consume information?","LEARNING","information_consumption"
534,"How would you rate your critical thinking (strong, developing, needs work)?","LEARNING","critical_thinking"
535,"What are your go-to learning resources?","LEARNING","learning_resources"
536,"What study techniques work best for you?","LEARNING","study_techniques"
537,"How do you stay accountable to your learning goals?","LEARNING","learning_accountability"
538,"Do you engage in interdisciplinary learning?","LEARNING","interdisciplinary_learning"
539,"Do you prefer deep expertise or broad knowledge?","LEARNING","deep_vs_broad_learning"
540,"What learning milestones have you achieved?","LEARNING","learning_milestones"
541,"What learning projects are you working on?","LEARNING","learning_projects"
542,"How long does it typically take you to master a new skill?","LEARNING","skill_mastery_time"
543,"What learning setbacks have you overcome?","LEARNING","learning_setbacks"
544,"How aware are you of your knowledge gaps?","LEARNING","knowledge_gaps_awareness"
545,"How often do you reflect on what you\'ve learned?","LEARNING","learning_reflection"
546,"How willing are you to unlearn outdated knowledge?","LEARNING","unlearning_willingness"
547,"How often do you learn through experimentation?","LEARNING","experimental_learning"
548,"Do you study how you learn (meta-learning)?","LEARNING","meta_learning"
549,"What do you want to learn in the next year?","LEARNING","future_learning_goals"
550,"What knowledge or skills do you want to pass on to others?","LEARNING","learning_legacy"
551,"What is your relationship status?","RELATIONSHIPS","relationship_status_detailed"
552,"How long is your current relationship?","RELATIONSHIPS","relationship_length"
553,"What are your relationship goals?","RELATIONSHIPS","relationship_goals"
554,"What values are important in your partnerships?","RELATIONSHIPS","partnership_values"
555,"What is your relationship conflict resolution style?","RELATIONSHIPS","conflict_resolution_relationships"
556,"What are your quality time needs (high, medium, low)?","RELATIONSHIPS","quality_time_needs"
557,"What are your independence needs (high, medium, low)?","RELATIONSHIPS","independence_needs"
558,"What is your preferred communication frequency?","RELATIONSHIPS","communication_frequency"
559,"What is your affection style (physical, verbal, acts of service, gifts)?","RELATIONSHIPS","affection_style"
560,"How often do you have date nights?","RELATIONSHIPS","date_night_frequency"
561,"How important are shared interests (high, medium, low)?","RELATIONSHIPS","shared_interests"
562,"How important are separate interests (high, medium, low)?","RELATIONSHIPS","separate_interests"
563,"What is your financial approach in relationships (shared, separate, hybrid)?","RELATIONSHIPS","financial_approach"
564,"How are household responsibilities split?","RELATIONSHIPS","household_responsibilities"
565,"How do you balance social life (together, separate, balanced)?","RELATIONSHIPS","social_life_balance"
566,"What is your friend circle size (large, medium, small)?","RELATIONSHIPS","friend_circle_size"
567,"Do you have many acquaintances or few close friends?","RELATIONSHIPS","friendship_depth"
568,"How often do you contact friends?","RELATIONSHIPS","friend_contact_frequency"
569,"What are your preferred social activities?","RELATIONSHIPS","social_activities"
570,"How active is your networking (active, moderate, minimal)?","RELATIONSHIPS","networking"
571,"How are your relationship boundaries (clear, flexible, needs work)?","RELATIONSHIPS","boundaries_relationships"
572,"Do you trust easily (yes, selectively, rarely)?","RELATIONSHIPS","trust_level"
573,"What is your jealousy tendency (high, medium, low)?","RELATIONSHIPS","jealousy_tendency"
574,"What is your commitment readiness (ready, cautious, avoiding)?","RELATIONSHIPS","commitment_readiness"
575,"What impact have past relationships had (significant, moderate, minimal)?","RELATIONSHIPS","past_relationship_impact"
576,"What are your relationship deal-breakers?","RELATIONSHIPS","relationship_deal_breakers"
577,"What are ideal partner qualities for you?","RELATIONSHIPS","ideal_partner_qualities"
578,"What relationship challenges do you face?","RELATIONSHIPS","relationship_challenges"
579,"What are your support expectations in relationships?","RELATIONSHIPS","support_expectations"
580,"How important is growing together (high, medium, low)?","RELATIONSHIPS","growth_together"
581,"What patterns do you notice in your relationships?","RELATIONSHIPS","relationship_patterns"
582,"How comfortable are you with emotional intimacy?","RELATIONSHIPS","emotional_intimacy_comfort"
583,"How important is physical intimacy to you?","RELATIONSHIPS","physical_intimacy_importance"
584,"Who are your relationship role models?","RELATIONSHIPS","relationship_role_models"
585,"How do you maintain friendships?","RELATIONSHIPS","friendship_maintenance"
586,"What is your experience with long-distance relationships?","RELATIONSHIPS","long_distance_experience"
587,"What is your relationship communication style?","RELATIONSHIPS","relationship_communication_style"
588,"How comfortable are you being vulnerable in relationships?","RELATIONSHIPS","vulnerability_in_relationships"
589,"How do you repair relationships after conflict?","RELATIONSHIPS","relationship_repair"
590,"What are your social connection needs?","RELATIONSHIPS","social_connection_needs"
591,"How involved are you in your community?","RELATIONSHIPS","community_involvement"
592,"What are your relationship priorities?","RELATIONSHIPS","relationship_priorities"
593,"How have your friendships evolved over time?","RELATIONSHIPS","friendship_evolution"
594,"How do you balance relationships and work?","RELATIONSHIPS","relationship_work_balance"
595,"How do you define a healthy relationship?","RELATIONSHIPS","healthy_relationship_definition"
596,"What are relationship red flags for you?","RELATIONSHIPS","relationship_red_flags"
597,"What is your approach to forgiveness in relationships?","RELATIONSHIPS","forgiveness_approach"
598,"What are your expectations in relationships?","RELATIONSHIPS","relationship_expectations"
599,"Do you tend to avoid or engage with conflict?","RELATIONSHIPS","conflict_avoidance_tendency"
600,"What areas of relationships do you want to improve?","RELATIONSHIPS","relationship_growth_areas"
601,"What is your morning routine?","HABITS","morning_routine"
602,"What is your evening routine?","HABITS","evening_routine"
603,"What is your typical wake time?","HABITS","wake_up_time"
604,"What is your typical bedtime?","HABITS","bedtime"
605,"How much screen time do you have before bed?","HABITS","screen_time_before_bed"
606,"What is your morning beverage?","HABITS","morning_beverage"
607,"How often do you eat breakfast (daily, sometimes, skip)?","HABITS","breakfast_habit"
608,"What is your commute time?","HABITS","commute_time"
609,"How often do you take breaks during work?","HABITS","work_breaks"
610,"How long is your lunch break?","HABITS","lunch_break"
611,"What is your afternoon energy level (high, medium, low)?","HABITS","afternoon_energy"
612,"When do you exercise (morning, afternoon, evening)?","HABITS","exercise_timing"
613,"How often do you meal prep (daily, weekly, rarely)?","HABITS","meal_prep_frequency"
614,"How often do you clean?","HABITS","cleaning_frequency"
615,"How often do you do laundry?","HABITS","laundry_frequency"
616,"When do you run errands (weekday, weekend, as needed)?","HABITS","errands_timing"
617,"How much time do you spend on social media daily?","HABITS","social_media_usage"
618,"How often do you consume news (daily, weekly, rarely)?","HABITS","news_consumption"
619,"How much time do you spend on hobbies per week?","HABITS","hobbies_frequency"
620,"How much TV or streaming do you watch per day?","HABITS","tv_streaming_time"
621,"How often do you game?","HABITS","gaming_frequency"
622,"How much time do you spend reading per day?","HABITS","reading_time"
623,"How often do you meditate (daily, weekly, rarely, never)?","HABITS","meditation_practice"
624,"How often do you journal (daily, weekly, rarely, never)?","HABITS","journaling"
625,"How often do you plan (daily, weekly, monthly)?","HABITS","planning_frequency"
626,"When is your productivity peak time?","HABITS","productivity_peak"
627,"What is your procrastination tendency (high, medium, low)?","HABITS","procrastination_tendency"
628,"How often do you multitask (often, sometimes, rarely)?","HABITS","multitasking"
629,"Do you track your habits?","HABITS","habit_tracking"
630,"How flexible is your routine (rigid, balanced, flexible)?","HABITS","routine_flexibility"
631,"How consistent is your sleep schedule?","HABITS","sleep_consistency"
632,"Do you nap regularly?","HABITS","nap_habits"
633,"When do you consume caffeine?","HABITS","caffeine_timing"
634,"What are your alcohol consumption habits?","HABITS","alcohol_consumption_habits"
635,"How often do you digital detox?","HABITS","digital_detox_frequency"
636,"What is your self-care routine?","HABITS","self_care_routine"
637,"Do you practice gratitude regularly?","HABITS","gratitude_practice_habits"
638,"How often do you reflect on your day?","HABITS","reflection_time"
639,"How often do you review your goals?","HABITS","goal_review_frequency"
640,"Do you use habit stacking?","HABITS","habit_stacking"
641,"What are your trigger habits?","HABITS","trigger_habits"
642,"What are your keystone habits?","HABITS","keystone_habits"
643,"What bad habits are you aware of?","HABITS","bad_habits_awareness"
644,"How do you approach changing habits?","HABITS","habit_change_approach"
645,"How do you respond when your routine is disrupted?","HABITS","routine_disruption_response"
646,"How different is your weekend routine?","HABITS","weekend_routine_difference"
647,"Do your habits change with seasons?","HABITS","seasonal_habit_changes"
648,"How do you stay accountable to your habits?","HABITS","habit_accountability"
649,"How do you design your environment to support good habits?","HABITS","environment_design"
650,"How do you reward yourself for good habits?","HABITS","habit_rewards"
651,"What sports do you play?","SPORTS & HOBBIES","sports_participation"
652,"How often do you exercise?","SPORTS & HOBBIES","exercise_frequency_sports"
653,"What is your fitness level (high, medium, low)?","SPORTS & HOBBIES","fitness_level"
654,"Do you prefer team or individual sports?","SPORTS & HOBBIES","team_vs_individual_sports"
655,"Do you prefer outdoor or indoor activities?","SPORTS & HOBBIES","outdoor_vs_indoor"
656,"How competitive are you (very, somewhat, not)?","SPORTS & HOBBIES","competitive_nature"
657,"What is your monthly sports budget?","SPORTS & HOBBIES","sports_budget"
658,"What sports equipment do you own?","SPORTS & HOBBIES","equipment_owned"
659,"Do you have a gym membership?","SPORTS & HOBBIES","gym_membership"
660,"What are your sports goals?","SPORTS & HOBBIES","sports_goals_specific"
661,"What is your injury history?","SPORTS & HOBBIES","injury_history"
662,"What are your recovery needs?","SPORTS & HOBBIES","recovery_needs_sports"
663,"What sports events do you attend?","SPORTS & HOBBIES","sports_events_attended"
664,"What sports do you like to watch?","SPORTS & HOBBIES","favorite_sports_to_watch"
665,"What are your hobbies?","SPORTS & HOBBIES","hobbies_list"
666,"How much time do you spend on hobbies per week?","SPORTS & HOBBIES","hobby_time_per_week"
667,"What is your hobby budget?","SPORTS & HOBBIES","hobby_budget"
668,"Are your hobbies solo, social, or both?","SPORTS & HOBBIES","hobby_social_aspect"
669,"What are your hobby skill levels?","SPORTS & HOBBIES","hobby_skill_level"
670,"What new hobbies would you like to try?","SPORTS & HOBBIES","hobby_learning_interest"
671,"What do you collect?","SPORTS & HOBBIES","collections"
672,"Do you do crafts or DIY?","SPORTS & HOBBIES","crafts_diy"
673,"What instruments do you play?","SPORTS & HOBBIES","music_instruments"
674,"How often do you practice music?","SPORTS & HOBBIES","music_practice"
675,"What creative hobbies do you have?","SPORTS & HOBBIES","creative_hobbies"
676,"What outdoor activities do you enjoy?","SPORTS & HOBBIES","outdoor_activities"
677,"What water sports or activities do you do?","SPORTS & HOBBIES","water_activities"
678,"What winter activities do you enjoy?","SPORTS & HOBBIES","winter_activities"
679,"What is your adventure level (high, medium, low)?","SPORTS & HOBBIES","adventure_level"
680,"What hobbies help you relax?","SPORTS & HOBBIES","relaxation_hobbies"
681,"Who are your sports role models?","SPORTS & HOBBIES","sports_role_models"
682,"What is your athletic background?","SPORTS & HOBBIES","athletic_background"
683,"What sports achievements are you proud of?","SPORTS & HOBBIES","sports_achievements"
684,"What is your training approach?","SPORTS & HOBBIES","training_approach"
685,"Are you part of a sports community?","SPORTS & HOBBIES","sports_community"
686,"What are your workout preferences?","SPORTS & HOBBIES","workout_preferences"
687,"What motivates you in sports?","SPORTS & HOBBIES","sports_motivation"
688,"How have your hobbies evolved over time?","SPORTS & HOBBIES","hobby_evolution"
689,"How much do you invest in your hobbies?","SPORTS & HOBBIES","hobby_investment"
690,"What achievements have you made in your hobbies?","SPORTS & HOBBIES","hobby_achievements"
691,"Are you part of hobby communities?","SPORTS & HOBBIES","hobby_community"
692,"Do you share your hobbies with others?","SPORTS & HOBBIES","hobby_sharing"
693,"Do any hobbies generate income for you?","SPORTS & HOBBIES","hobby_income"
694,"What seasonal sports or hobbies do you have?","SPORTS & HOBBIES","seasonal_sports"
695,"How do sports integrate with your lifestyle?","SPORTS & HOBBIES","sports_lifestyle_integration"
696,"How do you balance hobbies with other responsibilities?","SPORTS & HOBBIES","hobby_balance"
697,"What are your future sports goals?","SPORTS & HOBBIES","future_sports_goals"
698,"What hobby goals do you have for the future?","SPORTS & HOBBIES","future_hobby_goals"
699,"What is your philosophy on play and leisure?","SPORTS & HOBBIES","play_philosophy"
700,"How do you explore new hobbies?","SPORTS & HOBBIES","hobby_exploration"
701,"What is your tech comfort level (expert, comfortable, learning, struggling)?","TECHNOLOGY","tech_comfort_level"
702,"What are your primary devices?","TECHNOLOGY","primary_devices"
703,"What phone do you use?","TECHNOLOGY","phone_model"
704,"What computer operating system do you use?","TECHNOLOGY","computer_os"
705,"How do you use tablets?","TECHNOLOGY","tablet_usage"
706,"Do you use a smartwatch?","TECHNOLOGY","smartwatch"
707,"What smart home devices do you have?","TECHNOLOGY","smart_home_devices"
708,"What gaming devices do you own?","TECHNOLOGY","gaming_devices"
709,"Do you use VR or AR?","TECHNOLOGY","vr_ar_usage"
710,"How often do you upgrade devices?","TECHNOLOGY","tech_upgrade_frequency"
711,"What is your technology budget?","TECHNOLOGY","tech_budget"
712,"What are your software preferences?","TECHNOLOGY","software_preferences"
713,"What cloud storage do you use?","TECHNOLOGY","cloud_storage"
714,"Do you use a password manager?","TECHNOLOGY","password_manager"
715,"Do you use a VPN?","TECHNOLOGY","vpn_usage"
716,"What is your privacy concern level (high, medium, low)?","TECHNOLOGY","privacy_concerns"
717,"How often do you backup your data?","TECHNOLOGY","data_backup"
718,"What social media platforms do you use?","TECHNOLOGY","social_media_platforms"
719,"What messaging apps do you use?","TECHNOLOGY","messaging_apps"
720,"What email client do you use?","TECHNOLOGY","email_clients"
721,"What is your preferred browser?","TECHNOLOGY","browser_preference"
722,"What streaming services do you subscribe to?","TECHNOLOGY","streaming_services"
723,"What music service do you use?","TECHNOLOGY","music_service"
724,"What podcast platform do you use?","TECHNOLOGY","podcast_platform"
725,"What productivity apps do you use?","TECHNOLOGY","productivity_apps"
726,"What AI tools do you use?","TECHNOLOGY","ai_tools_used"
727,"What automation tools do you use?","TECHNOLOGY","automation_tools"
728,"How do you approach learning new technology (eager, willing, reluctant)?","TECHNOLOGY","tech_learning"
729,"What is your daily screen time?","TECHNOLOGY","screen_time_daily"
730,"How often do you do a digital detox?","TECHNOLOGY","digital_detox"
731,"What frustrates you about technology?","TECHNOLOGY","tech_frustrations"
732,"What is on your technology wishlist?","TECHNOLOGY","tech_wishlist"
733,"Are you an early adopter (yes, sometimes, no)?","TECHNOLOGY","early_adopter"
734,"Do you self-solve tech issues or ask for help?","TECHNOLOGY","tech_support"
735,"How often do you shop online?","TECHNOLOGY","online_shopping_frequency"
736,"How do you organize your digital life?","TECHNOLOGY","digital_organization"
737,"What technology are you most dependent on?","TECHNOLOGY","tech_dependencies"
738,"Do you practice tech minimalism?","TECHNOLOGY","tech_minimalism"
739,"How do you manage notifications?","TECHNOLOGY","notification_management"
740,"What digital wellbeing practices do you have?","TECHNOLOGY","digital_wellbeing"
741,"What are your views on tech ethics?","TECHNOLOGY","tech_ethics"
742,"What actions do you take for data privacy?","TECHNOLOGY","data_privacy_actions"
743,"What security measures do you use?","TECHNOLOGY","tech_security_measures"
744,"What software subscriptions do you have?","TECHNOLOGY","software_subscriptions"
745,"How does technology influence your life?","TECHNOLOGY","tech_influence_on_life"
746,"What future technologies interest you?","TECHNOLOGY","future_tech_interest"
747,"What tech skills are you developing?","TECHNOLOGY","tech_skills_development"
748,"What technology tools do you use for work?","TECHNOLOGY","tech_work_tools"
749,"How do you use technology for entertainment?","TECHNOLOGY","tech_entertainment"
750,"How do you use technology for socializing?","TECHNOLOGY","tech_socialization"
751,"What type of housing do you live in (house, apartment, condo, other)?","HOUSING & LIFESTYLE","housing_type"
752,"Do you own or rent?","HOUSING & LIFESTYLE","home_ownership"
753,"What is your living space size (sqft/sqm)?","HOUSING & LIFESTYLE","living_space_size"
754,"How many bedrooms do you have?","HOUSING & LIFESTYLE","bedrooms"
755,"How many bathrooms do you have?","HOUSING & LIFESTYLE","bathrooms"
756,"Do you have outdoor space?","HOUSING & LIFESTYLE","outdoor_space"
757,"Do you have a home office?","HOUSING & LIFESTYLE","home_office"
758,"What is your parking situation?","HOUSING & LIFESTYLE","parking"
759,"What type of neighborhood do you live in (urban, suburban, rural)?","HOUSING & LIFESTYLE","neighborhood_type"
760,"What is your commute time to work?","HOUSING & LIFESTYLE","commute_to_work"
761,"How walkable is your neighborhood (high, medium, low)?","HOUSING & LIFESTYLE","walkability_score"
762,"What is your public transport access like?","HOUSING & LIFESTYLE","public_transport_access"
763,"What essential amenities are nearby?","HOUSING & LIFESTYLE","nearby_amenities"
764,"What is your noise tolerance (high, medium, low)?","HOUSING & LIFESTYLE","noise_tolerance"
765,"How important is natural light (high, medium, low)?","HOUSING & LIFESTYLE","natural_light_importance"
766,"What is your interior style?","HOUSING & LIFESTYLE","interior_style"
767,"What is your furniture budget?","HOUSING & LIFESTYLE","furniture_budget"
768,"Do you have plants at home?","HOUSING & LIFESTYLE","plant_ownership"
769,"Do you do home maintenance yourself or hire help?","HOUSING & LIFESTYLE","home_maintenance"
770,"Do you use a cleaning service?","HOUSING & LIFESTYLE","cleaning_service"
771,"What recent or planned renovations do you have?","HOUSING & LIFESTYLE","home_renovations"
772,"What is your smart home level (high, medium, low)?","HOUSING & LIFESTYLE","smart_home_level"
773,"How important is energy efficiency (high, medium, low)?","HOUSING & LIFESTYLE","energy_efficiency"
774,"How sustainable is your home (high, medium, low)?","HOUSING & LIFESTYLE","sustainability_home"
775,"Is your space pet-friendly?","HOUSING & LIFESTYLE","pet_friendly"
776,"Do you have guest space?","HOUSING & LIFESTYLE","guest_accommodation"
777,"What is your storage situation (ample, adequate, limited)?","HOUSING & LIFESTYLE","storage_situation"
778,"What home security measures do you have?","HOUSING & LIFESTYLE","home_security"
779,"What are your monthly utilities costs?","HOUSING & LIFESTYLE","utilities_budget"
780,"What do you pay in rent or mortgage?","HOUSING & LIFESTYLE","rent_mortgage"
781,"How often do you move?","HOUSING & LIFESTYLE","move_frequency"
782,"What is your ideal location to live?","HOUSING & LIFESTYLE","ideal_location"
783,"What climate do you prefer for housing?","HOUSING & LIFESTYLE","climate_preference_housing"
784,"What are your future housing plans?","HOUSING & LIFESTYLE","future_housing_plans"
785,"How do you define the value of a home?","HOUSING & LIFESTYLE","home_value"
786,"How engaged are you with your local community?","HOUSING & LIFESTYLE","community_engagement"
787,"How satisfied are you with your neighborhood?","HOUSING & LIFESTYLE","neighborhood_satisfaction"
788,"How have you personalized your home?","HOUSING & LIFESTYLE","home_personalization"
789,"Do you plan to downsize or upsize?","HOUSING & LIFESTYLE","downsizing_upsizing_plans"
790,"Are you interested in a second home?","HOUSING & LIFESTYLE","second_home_interest"
791,"What would make you relocate?","HOUSING & LIFESTYLE","relocation_considerations"
792,"What are your home priorities?","HOUSING & LIFESTYLE","home_priorities"
793,"How do you use your living space?","HOUSING & LIFESTYLE","space_usage"
794,"What home improvement projects interest you?","HOUSING & LIFESTYLE","home_improvement_projects"
795,"What are your roommate preferences?","HOUSING & LIFESTYLE","roommate_preferences"
796,"Do you prefer living alone or with others?","HOUSING & LIFESTYLE","living_alone_preference"
797,"What percentage of income goes to housing?","HOUSING & LIFESTYLE","housing_budget_percentage"
798,"How would you describe your dream home?","HOUSING & LIFESTYLE","dream_home_description"
799,"What housing trade-offs have you made?","HOUSING & LIFESTYLE","housing_trade_offs"
800,"How satisfied are you with your current housing situation (1-10)?","HOUSING & LIFESTYLE","housing_satisfaction"
801,"How concerned are you about environmental issues?","ENVIRONMENT","environmental_concern"
802,"What actions do you take to address climate change?","ENVIRONMENT","climate_action"
803,"How consistently do you recycle at home and at work?","ENVIRONMENT","recycling_habits"
804,"Do you compost food waste and yard waste?","ENVIRONMENT","composting"
805,"What steps do you take to reduce waste in your daily life?","ENVIRONMENT","waste_reduction"
806,"What reusable items do you regularly use (bags, bottles, containers, etc.)?","ENVIRONMENT","reusable_items"
807,"How actively do you try to avoid single-use plastics?","ENVIRONMENT","plastic_avoidance"
808,"What do you do to conserve energy at home?","ENVIRONMENT","energy_conservation"
809,"How do you practice water conservation?","ENVIRONMENT","water_conservation"
810,"Do you use renewable energy sources (solar, wind, etc.)?","ENVIRONMENT","renewable_energy"
811,"What is your primary mode of transportation and how do you minimize environmental impact?","ENVIRONMENT","transportation_environmental"
812,"Do you own or plan to own an electric or hybrid vehicle?","ENVIRONMENT","electric_vehicle"
813,"How aware are you of your personal carbon footprint?","ENVIRONMENT","carbon_footprint_awareness"
814,"Do you participate in carbon offset programs or initiatives?","ENVIRONMENT","carbon_offsetting"
815,"How important is sustainability when making purchasing decisions?","ENVIRONMENT","sustainable_shopping"
816,"How often do you buy secondhand or pre-owned items?","ENVIRONMENT","secondhand_shopping"
817,"How important is it to you to buy locally produced products?","ENVIRONMENT","local_products"
818,"Do you prioritize organic products when shopping for food?","ENVIRONMENT","organic_products"
819,"Do you practice minimalism or conscious consumption?","ENVIRONMENT","minimalism"
820,"How often do you donate unwanted items instead of throwing them away?","ENVIRONMENT","donation_frequency"
821,"Are you involved in environmental activism or advocacy?","ENVIRONMENT","environmental_activism"
822,"What conservation efforts do you participate in?","ENVIRONMENT","conservation_efforts"
823,"Do you support wildlife conservation organizations or initiatives?","ENVIRONMENT","wildlife_support"
824,"How actively do you educate yourself about environmental issues?","ENVIRONMENT","environmental_education"
825,"What eco-friendly features does your home have?","ENVIRONMENT","eco_friendly_home"
826,"Do you grow any of your own food (herbs, vegetables, fruits)?","ENVIRONMENT","garden_growing"
827,"How much of your budget do you allocate to environmentally friendly products or services?","ENVIRONMENT","environmental_budget"
828,"How important are green certifications when choosing products?","ENVIRONMENT","green_certifications"
829,"What are your environmental goals for this year?","ENVIRONMENT","environmental_goals"
830,"Do you experience anxiety or concern about climate change?","ENVIRONMENT","climate_anxiety"
831,"Are you part of any environmental groups or communities?","ENVIRONMENT","environmental_community"
832,"How does environmental concern influence your dietary choices?","ENVIRONMENT","sustainable_diet"
833,"Have you reduced meat consumption for environmental reasons?","ENVIRONMENT","meat_consumption"
834,"What do you do to minimize food waste?","ENVIRONMENT","food_waste"
835,"How important is minimal packaging when purchasing products?","ENVIRONMENT","packaging_preference"
836,"Do you use environmentally friendly cleaning products?","ENVIRONMENT","eco_cleaning"
837,"Do you prefer natural or eco-friendly beauty and personal care products?","ENVIRONMENT","natural_beauty"
838,"How do you feel about fast fashion and its environmental impact?","ENVIRONMENT","fast_fashion"
839,"What do you do with clothing you no longer wear?","ENVIRONMENT","clothing_lifecycle"
840,"Are you aware of and do you try to reduce your digital carbon footprint?","ENVIRONMENT","digital_footprint"
841,"How much have you transitioned to paperless living (bills, receipts, etc.)?","ENVIRONMENT","paperless"
842,"How do you encourage others to be more environmentally conscious?","ENVIRONMENT","environmental_influence"
843,"How often do you spend time in nature?","ENVIRONMENT","nature_connection"
844,"What outdoor activities do you enjoy that connect you with nature?","ENVIRONMENT","outdoor_recreation"
845,"What or who inspires your environmental consciousness?","ENVIRONMENT","environmental_inspiration"
846,"What green technologies are you most interested in?","ENVIRONMENT","green_technology"
847,"What environmental issue is most important to you personally?","ENVIRONMENT","environmental_priorities"
848,"How do you make your travel more sustainable?","ENVIRONMENT","sustainable_travel"
849,"What do you do to support or improve your local environment?","ENVIRONMENT","local_environment"
850,"What gives you hope or concern about the environmental future?","ENVIRONMENT","environmental_future"
851,"What do you believe is your purpose in life?","PHILOSOPHY","life_purpose"
852,"What gives your life meaning?","PHILOSOPHY","meaning_of_life"
853,"What belief system or worldview guides your life?","PHILOSOPHY","belief_system"
854,"What existential questions do you think about most?","PHILOSOPHY","existential_questions"
855,"How do you feel about mortality and death?","PHILOSOPHY","mortality_perspective"
856,"What are your beliefs about what happens after death?","PHILOSOPHY","afterlife_beliefs"
857,"Do you believe in free will or determinism?","PHILOSOPHY","free_will"
858,"How much of life do you think is fate versus personal choice?","PHILOSOPHY","fate_vs_choice"
859,"How do you understand the concepts of good and evil?","PHILOSOPHY","good_vs_evil"
860,"Do you think humans are fundamentally good, bad, or neutral?","PHILOSOPHY","human_nature"
861,"How do you define truth?","PHILOSOPHY","truth_definition"
862,"What sources of knowledge do you trust most?","PHILOSOPHY","knowledge_sources"
863,"How do you think we perceive reality?","PHILOSOPHY","reality_perception"
864,"What is your understanding of consciousness?","PHILOSOPHY","consciousness_view"
865,"What ethical framework guides your decisions (utilitarianism, deontology, virtue ethics, etc.)?","PHILOSOPHY","ethical_framework"
866,"What is the source of your moral compass?","PHILOSOPHY","moral_compass"
867,"How do you define justice?","PHILOSOPHY","justice_definition"
868,"Which is more important: individual rights or collective responsibilities?","PHILOSOPHY","rights_responsibilities"
869,"Should society prioritize individual freedom or collective welfare?","PHILOSOPHY","individual_vs_collective"
870,"Do you value change and innovation or tradition and stability?","PHILOSOPHY","change_vs_tradition"
871,"How do you define progress?","PHILOSOPHY","progress_definition"
872,"Are you optimistic, cautious, or pessimistic about technology\'s role in society?","PHILOSOPHY","technology_philosophy"
873,"Do you think people are shaped more by nature or nurture?","PHILOSOPHY","nature_vs_nurture"
874,"What is your philosophy on the pursuit of happiness?","PHILOSOPHY","happiness_pursuit"
875,"Do you believe suffering has meaning or purpose?","PHILOSOPHY","suffering_meaning"
876,"How important is it to you to leave a legacy?","PHILOSOPHY","legacy_importance"
877,"Who or what has most influenced your philosophical views?","PHILOSOPHY","influence_philosophy"
878,"How often do you engage in philosophical contemplation?","PHILOSOPHY","contemplation_frequency"
879,"Do you engage in any spiritual practices?","PHILOSOPHY","spiritual_practices"
880,"Do you practice meditation or mindfulness?","PHILOSOPHY","meditation_philosophy"
881,"Do you identify with any religious tradition?","PHILOSOPHY","religious_affiliation"
882,"What role does faith play in your life?","PHILOSOPHY","faith_role"
883,"Are you comfortable with uncertainty and doubt?","PHILOSOPHY","doubt_comfort"
884,"Do you believe in absolute truths or relative truths?","PHILOSOPHY","absolute_truth"
885,"Do you believe morality is universal or culturally relative?","PHILOSOPHY","moral_relativism"
886,"How do you perceive the nature of time?","PHILOSOPHY","time_perception"
887,"What makes you the same person over time?","PHILOSOPHY","identity_continuity"
888,"How do you define the self or ego?","PHILOSOPHY","self_definition"
889,"What does it mean to you to live authentically?","PHILOSOPHY","authenticity"
890,"What virtues do you value most (courage, wisdom, compassion, etc.)?","PHILOSOPHY","virtue_priority"
891,"What vices or weaknesses are you most aware of in yourself?","PHILOSOPHY","vice_awareness"
892,"Should decisions be guided more by reason or emotion?","PHILOSOPHY","rationality_emotion"
893,"What do you think are the limits of human knowledge?","PHILOSOPHY","knowledge_limits"
894,"How do you define beauty?","PHILOSOPHY","beauty_definition"
895,"What do you think is the purpose of art?","PHILOSOPHY","art_purpose"
896,"How do you think language shapes thought?","PHILOSOPHY","language_thought"
897,"How do you understand the relationship between mind and body?","PHILOSOPHY","mind_body"
898,"What are your philosophical views on artificial intelligence and consciousness?","PHILOSOPHY","artificial_intelligence"
899,"Do you think we could be living in a simulation?","PHILOSOPHY","simulation_theory"
900,"Do you read philosophy? If so, what philosophical works or thinkers interest you?","PHILOSOPHY","philosophical_reading"
901,"How engaged are you in politics and current affairs?","POLITICS","political_engagement"
902,"How would you describe your political ideology or leanings?","POLITICS","political_ideology"
903,"How consistently do you vote in elections?","POLITICS","voting_frequency"
904,"What news sources do you trust for political information?","POLITICS","news_sources_politics"
905,"How comfortable are you discussing politics with others?","POLITICS","political_discussion"
906,"Are you involved in any political activism or social movements?","POLITICS","activism_participation"
907,"What political or social causes do you support?","POLITICS","causes_supported"
908,"Do you make donations to political campaigns or advocacy organizations?","POLITICS","charity_donations"
909,"How often do you volunteer for political or community causes?","POLITICS","volunteering"
910,"How important is social justice to you?","POLITICS","social_justice"
911,"What are your views on economic policy (capitalism, socialism, mixed economy, etc.)?","POLITICS","economic_views"
912,"What is your stance on healthcare policy?","POLITICS","healthcare_views"
913,"What are your views on education policy and reform?","POLITICS","education_views"
914,"How important is environmental policy in your political priorities?","POLITICS","environmental_policy"
915,"What are your views on immigration policy?","POLITICS","immigration_views"
916,"How interested are you in foreign policy and international relations?","POLITICS","foreign_policy"
917,"What role do you think government should play in society?","POLITICS","government_role"
918,"What are your views on taxation and tax policy?","POLITICS","taxation_views"
919,"Do you support more or less government regulation of business?","POLITICS","regulation_views"
920,"How important are civil liberties and individual freedoms to you?","POLITICS","civil_liberties"
921,"What are your views on gun control and gun rights?","POLITICS","gun_control"
922,"What are your views on abortion rights?","POLITICS","abortion_rights"
923,"What is your stance on LGBTQ+ rights and equality?","POLITICS","lgbtq_rights"
924,"How important is racial justice and equity to you?","POLITICS","racial_justice"
925,"How important is gender equality to you?","POLITICS","gender_equality"
926,"What are your views on workers\' rights and labor unions?","POLITICS","workers_rights"
927,"How much responsibility should corporations have to society?","POLITICS","corporate_responsibility"
928,"How much do you trust mainstream media?","POLITICS","media_trust"
929,"How often do you fact-check political claims and news?","POLITICS","fact_checking"
930,"Are you optimistic or pessimistic about the political future?","POLITICS","political_hope"
931,"How do you participate in democracy beyond voting?","POLITICS","democratic_participation"
932,"Do you identify with a political party?","POLITICS","political_party"
933,"How important is bipartisan cooperation to you?","POLITICS","bipartisanship"
934,"Are you willing to compromise on political issues?","POLITICS","political_compromise"
935,"Do you support or participate in grassroots political movements?","POLITICS","grassroots_movements"
936,"What are your views on the electoral system and potential reforms?","POLITICS","electoral_system"
937,"What are your views on campaign finance and money in politics?","POLITICS","campaign_finance"
938,"Do you support term limits for elected officials?","POLITICS","term_limits"
939,"How important is protecting and expanding voting rights?","POLITICS","voting_rights"
940,"What are your views on criminal justice reform?","POLITICS","criminal_justice"
941,"What are your views on police reform?","POLITICS","police_reform"
942,"What are your views on drug policy and legalization?","POLITICS","drug_policy"
943,"How important is digital privacy and data protection to you?","POLITICS","privacy_rights"
944,"What are your views on government surveillance?","POLITICS","surveillance"
945,"How do you view whistleblowers and their role in democracy?","POLITICS","whistleblowers"
946,"What are your views on international aid and development?","POLITICS","international_aid"
947,"What are your views on military spending and defense policy?","POLITICS","military_spending"
948,"How important are international alliances like NATO?","POLITICS","nato_alliances"
949,"What is your view of the United Nations and international organizations?","POLITICS","united_nations"
950,"How much do you think individuals can influence political change?","POLITICS","political_influence"
951,"Are you optimistic, realistic, or pessimistic about your future?","FUTURE","future_outlook"
952,"What are your main goals for the next year?","FUTURE","one_year_goals"
953,"Where do you see yourself in five years?","FUTURE","five_year_goals"
954,"What are your aspirations for ten years from now?","FUTURE","ten_year_goals"
955,"What are your long-term career aspirations?","FUTURE","career_aspirations"
956,"What are your major financial goals?","FUTURE","financial_goals"
957,"What is your savings target for the next 1-5 years?","FUTURE","savings_target"
958,"What are your retirement plans?","FUTURE","retirement_plans"
959,"At what age do you plan to retire?","FUTURE","retirement_age_target"
960,"What is your investment strategy for the future?","FUTURE","investment_strategy"
961,"Do you have any real estate goals (buying, selling, investing)?","FUTURE","real_estate_goals"
962,"Do you plan to pursue further education or certifications?","FUTURE","education_future"
963,"What skills do you want to develop in the coming years?","FUTURE","skill_development"
964,"What are your long-term health goals?","FUTURE","health_goals_future"
965,"What fitness milestones do you want to achieve?","FUTURE","fitness_goals_future"
966,"Do you have any weight or body composition goals?","FUTURE","weight_goals"
967,"What are your goals for your relationships?","FUTURE","relationship_future"
968,"What are your plans regarding family?","FUTURE","family_future"
969,"Do you plan to have children or more children?","FUTURE","children_future"
970,"Are you planning to relocate? If so, where and when?","FUTURE","relocation_plans"
971,"What destinations are on your travel bucket list?","FUTURE","travel_bucket_list"
972,"What adventures or experiences do you want to have?","FUTURE","adventure_goals"
973,"What creative projects do you want to complete?","FUTURE","creative_projects"
974,"Do you have any business ideas you want to pursue?","FUTURE","business_ideas"
975,"Are you planning to start or grow a side hustle?","FUTURE","side_hustle"
976,"What passive income streams do you want to create?","FUTURE","passive_income"
977,"What philanthropic goals do you have?","FUTURE","philanthropy"
978,"What legacy do you want to leave behind?","FUTURE","legacy_goals"
979,"What are the top items on your bucket list?","FUTURE","bucket_list"
980,"What are your biggest fears about the future?","FUTURE","fears_about_future"
981,"What are you most excited about for the future?","FUTURE","excitement_about_future"
982,"What areas of personal growth are you focusing on?","FUTURE","personal_growth"
983,"What new habits do you want to build?","FUTURE","habits_to_build"
984,"What habits do you want to break or change?","FUTURE","habits_to_break"
985,"What do you want to learn in the next few years?","FUTURE","learning_goals"
986,"Do you want to learn a new language?","FUTURE","language_learning"
987,"What new hobbies do you want to try?","FUTURE","hobbies_future"
988,"What are your social or relationship-building goals?","FUTURE","social_goals"
989,"How do you want to be involved in your community in the future?","FUTURE","community_involvement"
990,"How do you plan to grow your professional network?","FUTURE","professional_network"
991,"What changes do you want to make to your work-life balance?","FUTURE","work_life_balance"
992,"What lifestyle changes are you planning to make?","FUTURE","lifestyle_changes"
993,"How do you want to live more sustainably in the future?","FUTURE","sustainability_future"
994,"Do you plan to simplify or downsize your lifestyle?","FUTURE","minimalism_future"
995,"What improvements do you want to make in how you manage your time?","FUTURE","time_management"
996,"What new technologies do you want to learn or adopt?","FUTURE","technology_adoption"
997,"Do you plan to reduce screen time or take digital detoxes?","FUTURE","digital_detox"
998,"What are your mental health and wellbeing goals?","FUTURE","mental_health_future"
999,"What are your goals for your spiritual journey?","FUTURE","spiritual_journey"
1000,"What challenges do you anticipate facing in the future and how will you prepare?","FUTURE","challenges_anticipated"